,City,Cloudiness,Country,Date,Humidity,Latitude,Longitude,Max Temp,Wind Speed
0,hobart,75,AU,1572638086.0,87.0,-42.88,147.33,59.0,4.7
1,jamestown,100,AU,1572638584.0,88.0,-33.21,138.6,57.31,5.08
2,vostok,97,RU,1572638126.0,93.0,46.45,135.83,20.89,7.63
3,aguai,75,IT,1572638463.0,76.0,46.3,11.4,53.6,2.24
4,atuona,17,PF,1572638130.0,75.0,-9.8,-139.03,80.02,14.99
5,chihuahua,40,MX,1572638463.0,40.0,28.66,-106.08,80.01,2.66
6,ancud,90,CL,1572638463.0,93.0,-41.87,-73.83,50.0,4.7
7,ozernovskiy,100,RU,1572638463.0,91.0,51.5,156.52,42.82,12.35
8,nicoya,40,CR,1572638463.0,58.0,10.15,-85.45,87.8,17.22
9,chifeng,100,CN,1572638463.0,54.0,42.27,118.96,43.03,4.21
10,khani,90,GE,1572638464.0,100.0,41.96,42.96,51.8,3.36
11,kavaratti,69,IN,1572638464.0,76.0,10.57,72.64,80.85,6.08
12,bluff,24,AU,1572638585.0,80.0,-23.58,149.07,68.61,11.83
13,cape town,20,ZA,1572638392.0,82.0,-33.93,18.42,64.99,10.29
14,zhigansk,100,RU,1572638464.0,98.0,66.77,123.37,1.71,12.93
15,rikitea,3,PF,1572638585.0,63.0,-23.12,-134.97,71.26,6.33
16,sobolevo,93,RU,1572638158.0,93.0,54.43,31.9,33.21,5.75
17,ilongero,23,TZ,1572638464.0,55.0,-4.67,34.87,64.6,12.17
18,vaini,43,IN,1572637996.0,96.0,15.34,74.49,64.51,2.73
19,ushuaia,40,AR,1572638586.0,70.0,-54.81,-68.31,42.8,34.45
20,albany,75,US,1572638439.0,42.0,42.65,-73.75,50.0,18.34
21,tuktoyaktuk,75,CA,1572638321.0,92.0,69.44,-133.03,21.2,3.36
22,busselton,59,AU,1572638586.0,78.0,-33.64,115.35,48.0,19.44
23,hailar,6,CN,1572638465.0,65.0,49.2,119.7,24.12,9.31
24,vallenar,12,CL,1572638465.0,30.0,-28.58,-70.76,72.5,9.1
25,new norfolk,75,AU,1572638586.0,87.0,-42.78,147.06,59.0,4.7
26,bredasdorp,67,ZA,1572638069.0,72.0,-34.53,20.04,59.0,2.24
27,narsaq,75,GL,1572638465.0,86.0,60.91,-46.05,33.8,4.43
28,santa marta,40,CO,1572638216.0,74.0,11.24,-74.21,87.8,5.82
29,punta arenas,75,CL,1572638078.0,60.0,-53.16,-70.91,48.2,12.75
30,oranjemund,9,ZA,1572638466.0,55.0,-28.55,16.43,63.63,2.62
31,faanui,48,PF,1572638466.0,79.0,-16.48,-151.75,81.25,12.44
32,kannangad,20,IN,1572638466.0,94.0,12.31,75.11,73.4,2.24
33,bambous virieux,40,MU,1572638466.0,83.0,-20.34,57.76,71.6,3.36
34,koslan,100,RU,1572638466.0,87.0,63.46,48.9,19.8,7.0
35,saint-philippe,90,CA,1572638466.0,56.0,45.36,-73.48,44.01,25.28
36,port hedland,98,AU,1572638163.0,49.0,-20.31,118.58,68.0,11.41
37,tautira,40,PF,1572638466.0,70.0,-17.73,-149.15,84.2,3.36
38,mahebourg,40,MU,1572638401.0,83.0,-20.41,57.7,71.6,3.36
39,ikwiriri,0,TZ,1572638466.0,93.0,-7.96,38.99,72.27,1.72
41,virginia beach,1,US,1572638266.0,38.0,36.85,-75.98,60.01,14.0
42,norman wells,75,CA,1572638467.0,92.0,65.28,-126.83,17.6,5.82
44,saint george,75,GR,1572638467.0,77.0,39.45,22.34,60.8,13.87
45,marsa matruh,0,EG,1572638467.0,83.0,31.35,27.25,69.8,6.93
46,san patricio,0,PY,1572638588.0,43.0,-26.98,-56.83,92.86,3.94
47,arraial do cabo,40,BR,1572638467.0,83.0,-22.97,-42.02,80.6,12.75
48,beibei,40,CN,1572638467.0,93.0,29.83,106.43,60.8,4.47
49,kapaa,1,US,1572638106.0,74.0,22.08,-159.32,78.8,4.7
50,rockport,1,US,1572638468.0,52.0,28.02,-97.05,66.0,5.82
52,provideniya,100,RU,1572638065.0,95.0,64.42,-173.23,20.8,3.53
53,sikasso,58,ML,1572638468.0,63.0,11.32,-5.68,78.76,2.13
56,ilulissat,75,GL,1572638468.0,73.0,69.22,-51.1,24.8,1.12
57,bridgetown,62,AU,1572638468.0,91.0,-33.96,116.14,48.0,1.01
58,bathsheba,40,BB,1572638468.0,70.0,13.22,-59.52,86.0,14.99
59,quimper,90,FR,1572638468.0,93.0,48.0,-4.1,60.8,19.46
60,butaritari,100,KI,1572638468.0,77.0,3.07,172.79,84.4,14.23
61,gumla,64,IN,1572638469.0,70.0,23.04,84.54,63.68,3.38
62,greencastle,1,US,1572638469.0,48.0,39.64,-86.86,48.2,9.17
64,nizwa,2,OM,1572638469.0,66.0,22.93,57.53,72.19,1.36
65,san cristobal,89,HN,1572638469.0,74.0,14.68,-86.92,76.42,5.08
66,georgetown,40,GY,1572638590.0,70.0,6.8,-58.16,86.0,9.17
67,tiguion,100,PH,1572638469.0,93.0,13.33,121.86,77.0,3.06
70,hailin,0,CN,1572638469.0,61.0,44.57,129.38,28.65,3.69
71,zeya,97,RU,1572638470.0,67.0,53.74,127.27,14.65,15.08
72,hobyo,61,SO,1572638470.0,75.0,5.35,48.53,81.43,18.41
73,pacific grove,1,US,1572638470.0,18.0,36.62,-121.92,75.0,4.7
74,clyde river,75,CA,1572638470.0,85.0,70.47,-68.59,17.6,3.36
75,norrtalje,90,SE,1572638470.0,100.0,59.76,18.7,42.01,5.82
76,pisco,0,PE,1572638470.0,30.0,-13.71,-76.2,71.6,18.34
77,limbang,75,BN,1572638470.0,94.0,4.75,115.01,77.0,6.93
79,filadelfia,59,PY,1572638470.0,21.0,-22.35,-60.04,104.14,15.41
80,manono,0,CD,1572638470.0,84.0,-7.3,27.4,69.51,1.28
81,karratha,48,AU,1572638380.0,42.0,-20.74,116.85,72.63,21.45
84,abalak,10,NE,1572638471.0,11.0,15.46,6.28,86.18,8.08
85,teknaf,91,BD,1572638471.0,98.0,20.86,92.31,68.34,1.5
86,atar,0,MR,1572638471.0,16.0,20.52,-13.05,78.71,9.98
87,arcachon,75,FR,1572638471.0,93.0,44.65,-1.18,64.4,10.29
88,ahipara,11,NZ,1572638471.0,94.0,-35.17,173.16,63.0,4.0
89,esperance,100,AU,1572638471.0,87.0,-33.86,121.89,50.0,14.99
90,marsberg,90,DE,1572638472.0,87.0,51.45,8.86,48.99,11.41
91,lincoln,75,GB,1572638216.0,93.0,53.23,-0.54,55.4,9.17
92,izumo,40,JP,1572638404.0,67.0,35.37,132.75,59.0,8.05
93,pevek,0,RU,1572638472.0,92.0,69.7,170.27,6.46,5.48
94,sorland,75,NO,1572638472.0,92.0,67.67,12.69,30.2,5.82
95,axim,0,GH,1572638472.0,90.0,4.87,-2.24,76.26,2.39
96,chuy,94,UY,1572638036.0,78.0,-33.69,-53.46,66.96,12.12
97,geraldton,90,CA,1572638235.0,79.0,49.72,-86.95,32.0,10.29
98,gashua,81,NG,1572638472.0,13.0,12.87,11.04,82.38,9.62
99,mukhen,0,RU,1572638472.0,67.0,48.19,136.14,27.86,10.83
100,nuuk,40,GL,1572638593.0,59.0,64.17,-51.74,35.6,9.17
101,nanortalik,100,GL,1572638473.0,84.0,60.14,-45.24,33.96,8.75
102,sarangani,100,PH,1572638473.0,75.0,5.4,125.46,82.81,9.53
103,mar del plata,81,AR,1572638176.0,28.0,-46.43,-67.52,63.55,4.52
104,hammerfest,90,NO,1572638473.0,100.0,70.66,23.68,30.2,28.86
105,camacha,75,PT,1572638473.0,83.0,33.08,-16.33,71.6,11.41
106,cherskiy,94,RU,1572638593.0,89.0,68.75,161.3,12.13,5.86
108,east london,100,ZA,1572638594.0,82.0,-33.02,27.91,69.93,19.71
109,kodiak,1,US,1572638376.0,43.0,39.95,-94.76,53.01,9.17
110,salinopolis,98,BR,1572638473.0,80.0,-0.61,-47.36,81.61,14.27
111,ambulu,100,ID,1572638474.0,85.0,-8.35,113.61,77.5,3.71
112,beringovskiy,53,RU,1572638474.0,79.0,63.05,179.32,24.46,3.98
113,hilo,1,US,1572638474.0,61.0,19.71,-155.08,82.4,3.36
114,caraz,100,PE,1572638474.0,80.0,-9.05,-77.81,54.88,7.96
115,hermanus,33,ZA,1572638360.0,84.0,-34.42,19.24,64.99,18.84
116,ciudad bolivar,96,VE,1572638474.0,56.0,8.12,-63.55,88.65,5.7
117,nikolskoye,90,RU,1572638594.0,93.0,59.7,30.79,32.0,4.47
119,duncan,1,US,1572638475.0,28.0,34.5,-97.96,62.01,13.87
120,upernavik,47,GL,1572638475.0,61.0,72.79,-56.15,13.3,3.85
122,meulaboh,100,ID,1572638475.0,85.0,4.14,96.13,77.7,7.94
123,rocha,70,UY,1572638246.0,84.0,-34.48,-54.34,67.66,11.63
124,la reforma,75,MX,1572638475.0,48.0,25.08,-108.06,91.0,5.26
125,tasiilaq,100,GL,1572638209.0,64.0,65.61,-37.64,23.32,9.24
126,grand gaube,40,MU,1572638475.0,83.0,-20.01,57.66,71.6,3.36
127,sao gabriel,0,BR,1572638472.0,84.0,-30.34,-54.32,77.99,9.26
128,mount gambier,75,AU,1572638225.0,93.0,-37.83,140.78,57.2,10.29
129,alofi,75,NU,1572638356.0,73.0,-19.06,-169.92,73.4,4.7
130,baykit,100,RU,1572638476.0,97.0,61.68,96.39,21.79,2.55
131,aklavik,20,CA,1572638435.0,92.0,68.22,-135.01,14.0,6.93
133,wanning,75,AT,1572638476.0,87.0,48.64,13.53,44.01,3.36
134,soledade,20,BR,1572638476.0,42.0,-7.06,-36.37,86.0,14.99
135,ribeira grande,40,PT,1572638183.0,88.0,38.52,-28.7,66.2,4.7
136,castro,90,CL,1572638056.0,93.0,-42.48,-73.76,50.0,4.7
137,chilca,40,PE,1572638476.0,51.0,-13.22,-72.34,60.8,1.12
138,puerto ayora,20,EC,1572638218.0,61.0,-0.74,-90.35,80.6,21.92
139,vila franca do campo,40,PT,1572638476.0,88.0,37.72,-25.43,68.0,19.46
140,qaanaaq,92,GL,1572638477.0,62.0,77.48,-69.36,14.23,10.74
141,vila velha,23,BR,1572638423.0,58.0,-3.71,-38.6,84.2,11.41
142,mataura,12,NZ,1572638596.0,84.0,-46.19,168.86,55.0,1.01
143,bay roberts,75,CA,1572638477.0,82.0,47.58,-53.28,63.0,36.91
144,port alfred,100,ZA,1572638263.0,86.0,-33.59,26.89,68.0,4.0
145,calamar,81,CO,1572638477.0,74.0,1.96,-72.65,81.21,2.19
146,mercedes,100,UY,1572638477.0,68.0,-33.25,-58.03,81.0,5.01
148,pahrump,1,US,1572638477.0,2.0,36.21,-115.98,64.99,3.36
149,arkhipo-osipovka,100,RU,1572638477.0,65.0,44.37,38.53,32.54,14.83
150,severo-kurilsk,100,RU,1572638441.0,96.0,50.68,156.12,40.01,6.33
152,hof,90,DE,1572638478.0,100.0,50.32,11.92,43.0,12.39
153,lebu,75,ET,1572638597.0,44.0,8.96,38.73,60.8,12.75
155,hasaki,20,JP,1572638478.0,76.0,35.73,140.83,51.8,5.82
156,armidale,0,AU,1572638478.0,79.0,-30.51,151.67,46.99,4.0
157,iqaluit,75,CA,1572638122.0,85.0,63.75,-68.52,23.0,2.24
158,kloulklubed,40,PW,1572638478.0,88.0,7.04,134.26,77.0,2.35
159,thurso,75,CA,1572638478.0,64.0,45.6,-75.25,39.99,24.16
160,kruisfontein,100,ZA,1572638598.0,57.0,-34.0,24.73,66.87,6.55
161,dickinson,90,US,1572638479.0,74.0,46.88,-102.79,36.0,20.8
162,talcahuano,75,CL,1572638479.0,72.0,-36.72,-73.12,60.8,14.99
163,hithadhoo,24,MV,1572638242.0,80.0,-0.6,73.08,80.91,10.42
166,agua verde,20,MX,1572638479.0,49.0,22.89,-105.97,89.6,9.17
167,la macarena,85,CO,1572638479.0,86.0,2.18,-73.79,77.63,1.86
168,pangnirtung,75,CA,1572638479.0,86.0,66.15,-65.72,26.6,3.18
169,shaunavon,14,CA,1572638479.0,75.0,49.65,-108.41,34.25,13.8
170,te anau,67,NZ,1572638480.0,79.0,-45.41,167.72,52.0,6.38
171,mathbaria,8,BD,1572638480.0,85.0,22.29,89.96,71.11,5.12
172,victoria,75,BN,1572638169.0,94.0,5.28,115.24,77.0,2.24
173,timmins,90,CA,1572638480.0,54.0,48.48,-81.33,30.2,10.29
174,khatanga,95,RU,1572638480.0,98.0,71.98,102.47,-8.88,4.72
175,babushkin,87,RU,1572638480.0,93.0,51.72,105.86,28.89,5.32
176,kavieng,95,PG,1572638480.0,73.0,-2.57,150.8,84.72,12.48
177,moose jaw,75,CA,1572638384.0,80.0,50.4,-105.54,36.0,23.04
178,port blair,0,IN,1572638480.0,68.0,11.67,92.75,83.05,3.02
179,chagoda,38,RU,1572638481.0,95.0,59.16,35.33,25.86,5.66
180,talaya,40,RU,1572638481.0,64.0,55.79,84.89,35.6,20.13
181,mildura,40,AU,1572638481.0,87.0,-34.18,142.16,60.8,4.7
182,aloleng,100,PH,1572638481.0,84.0,16.13,119.78,74.44,1.92
183,klaksvik,31,FO,1572638481.0,75.0,62.23,-6.59,42.8,6.93
184,tiksi,100,RU,1572638096.0,85.0,71.64,128.87,-2.3,7.76
185,herat,0,AF,1572638481.0,68.0,34.35,62.22,54.64,2.93
186,cockburn town,0,TC,1572638481.0,72.0,21.46,-71.14,81.16,17.47
188,kulhudhuffushi,4,MV,1572638482.0,75.0,6.62,73.07,81.72,4.68
189,libreville,20,GA,1572638367.0,83.0,0.39,9.45,80.6,4.7
190,xining,0,CN,1572638436.0,49.0,36.62,101.77,31.95,1.99
192,sao filipe,0,CV,1572638482.0,62.0,14.9,-24.5,78.91,14.92
193,vila do maio,0,CV,1572638482.0,51.0,15.13,-23.22,84.2,12.75
194,kelso,100,GB,1572638482.0,100.0,55.6,-2.43,51.01,5.82
195,makakilo city,1,US,1572638330.0,83.0,21.35,-158.09,82.99,4.45
196,santa rosa,98,AR,1572638482.0,49.0,-36.62,-64.29,80.74,13.67
197,tombouctou,100,ML,1572638482.0,15.0,16.77,-3.01,88.47,10.83
198,grafton,78,AU,1572638482.0,87.0,-29.69,152.93,63.0,1.12
199,lompoc,1,US,1572638165.0,8.0,34.64,-120.46,78.01,3.36
201,qiryat gat,20,IL,1572638483.0,68.0,31.61,34.76,68.0,4.7
202,lavrentiya,90,RU,1572638483.0,75.0,65.58,-170.99,24.21,8.05
203,caravelas,0,BR,1572638231.0,85.0,-17.73,-39.27,75.47,9.78
204,carnarvon,91,ZA,1572638602.0,31.0,-30.97,22.13,66.45,17.56
205,bhadasar,0,IN,1572638483.0,31.0,28.3,74.31,76.98,5.12
206,horadiz,90,AZ,1572638483.0,93.0,39.45,47.33,53.6,11.41
208,maldonado,90,UY,1572638366.0,68.0,-34.91,-54.96,71.6,13.87
209,torbay,75,CA,1572638093.0,82.0,47.66,-52.73,63.0,36.91
210,jais,0,IN,1572638484.0,53.0,26.27,81.55,72.09,5.01
212,hualmay,0,PE,1572638484.0,59.0,-11.1,-77.61,71.37,9.53
213,husavik,93,CA,1572638484.0,71.0,50.56,-96.99,34.0,8.99
214,port hardy,90,CA,1572638281.0,81.0,50.7,-127.42,48.2,8.05
215,menongue,63,AO,1572638484.0,46.0,-14.66,17.68,70.09,3.29
216,saldanha,95,PT,1572638345.0,88.0,41.42,-6.55,59.16,15.28
217,sola,17,TZ,1572638484.0,68.0,-3.17,33.8,71.06,4.56
218,cabo san lucas,75,MX,1572638270.0,40.0,22.89,-109.91,87.01,4.7
219,bethel,90,US,1572637912.0,92.0,60.79,-161.76,28.4,14.99
220,karaton,20,ID,1572638485.0,83.0,-6.34,106.1,77.0,8.05
221,yar-sale,100,RU,1572638485.0,94.0,66.83,70.83,3.18,12.73
222,sorong,100,ID,1572638485.0,98.0,-0.86,131.25,72.93,1.05
223,gat,0,SN,1572638485.0,48.0,14.69,-16.54,93.2,9.17
224,oskemen,90,KZ,1572638485.0,71.0,49.96,82.61,53.6,8.95
225,heswall,75,GB,1572638485.0,93.0,53.33,-3.1,55.99,13.87
226,laredo,1,US,1572638485.0,18.0,27.51,-99.51,68.0,7.92
227,grenfell,100,AU,1572638486.0,53.0,-33.9,148.16,69.84,18.28
228,solnechnyy,95,RU,1572638486.0,83.0,50.72,136.64,26.8,3.0
229,camacupa,68,AO,1572638486.0,70.0,-12.02,17.48,68.4,3.98
230,leh,100,IN,1572638486.0,44.0,34.16,77.58,29.88,5.68
231,savelugu,12,GH,1572638486.0,60.0,9.63,-0.83,83.61,4.16
232,boa vista,40,BR,1572638442.0,44.0,2.82,-60.67,93.2,10.29
233,gorontalo,73,ID,1572638486.0,83.0,0.54,123.06,74.17,2.66
234,cap-chat,100,CA,1572638486.0,86.0,49.1,-66.68,33.76,16.24
235,fairbanks,90,US,1572638223.0,85.0,64.84,-147.72,25.0,0.87
236,honnali,40,IN,1572638486.0,96.0,14.24,75.65,64.72,2.51
237,norwich,75,GB,1572638298.0,100.0,52.63,1.29,55.99,8.05
238,yellowknife,75,CA,1572638407.0,85.0,62.45,-114.38,23.0,2.24
240,saveh,0,IR,1572638487.0,56.0,35.02,50.36,58.57,2.71
241,vanimo,100,PG,1572638487.0,77.0,-2.67,141.3,81.66,11.52
242,palmer,90,AU,1572638344.0,93.0,-34.85,139.16,62.01,5.82
243,praia da vitoria,75,PT,1572638487.0,100.0,38.73,-27.07,66.2,11.23
244,umm lajj,0,SA,1572638487.0,59.0,25.02,37.27,72.55,2.91
245,saskylakh,79,RU,1572638288.0,97.0,71.97,114.09,-4.73,4.52
246,mehamn,100,NO,1572638487.0,79.0,71.03,27.85,30.2,20.8
247,omaruru,99,NA,1572638487.0,40.0,-21.42,15.95,76.23,6.62
249,okhotsk,100,RU,1572638488.0,84.0,59.36,143.24,33.39,10.33
250,kendari,78,ID,1572638488.0,96.0,-3.99,122.52,72.7,2.35
251,oroville,1,US,1572638402.0,25.0,39.51,-121.56,69.01,4.18
252,kahului,1,US,1572638488.0,61.0,20.89,-156.47,82.4,3.36
253,ust-nera,84,RU,1572638488.0,99.0,64.57,143.24,1.96,0.36
254,pizarro,88,CO,1572638488.0,81.0,4.95,-77.37,80.28,14.7
255,constitucion,40,MX,1572638195.0,29.0,23.99,-104.67,75.2,4.29
256,sabzevar,0,IR,1572638488.0,52.0,36.21,57.68,55.27,3.44
257,ugoofaaru,3,MV,1572638489.0,68.0,5.67,73.0,82.38,1.52
258,nabire,86,ID,1572638489.0,97.0,-3.36,135.5,70.21,2.21
259,katsuura,20,JP,1572638484.0,62.0,33.93,134.5,59.0,14.99
260,yulara,0,AU,1572638489.0,40.0,-25.24,130.99,71.6,10.29
261,safford,1,US,1572638229.0,9.0,32.83,-109.71,68.0,4.7
262,chokurdakh,66,RU,1572638489.0,97.0,70.62,147.9,-3.84,3.22
263,bongor,49,TD,1572638489.0,48.0,10.28,15.37,81.54,2.51
264,sistranda,40,NO,1572638489.0,86.0,63.73,8.83,42.01,12.75
265,fortuna,1,US,1572638490.0,14.0,40.6,-124.16,64.99,4.7
266,tyler,1,US,1572638336.0,37.0,32.35,-95.3,61.0,8.3
267,raudeberg,51,NO,1572638014.0,70.0,61.99,5.14,43.0,12.75
268,vao,28,EE,1572638490.0,93.0,59.1,26.19,31.21,5.1
269,airai,4,TL,1572638422.0,87.0,-8.93,125.41,63.84,1.95
270,rantepao,73,ID,1572638490.0,97.0,-2.97,119.9,64.72,1.9
271,korocha,4,RU,1572638490.0,63.0,50.81,37.2,28.4,6.71
272,honiara,20,SB,1572638490.0,100.0,-9.43,159.96,73.4,3.65
273,alamosa,1,US,1572638490.0,19.0,37.47,-105.87,46.99,10.29
275,beloha,0,MG,1572638491.0,76.0,-25.17,45.06,63.59,11.65
276,suruc,20,TR,1572638491.0,81.0,36.98,38.42,53.6,4.7
277,honningsvag,90,NO,1572638491.0,74.0,70.98,25.97,30.2,18.34
278,kimbe,80,PG,1572638491.0,90.0,-5.56,150.15,75.96,3.24
281,nome,1,US,1572638496.0,41.0,30.04,-94.42,59.0,2.93
282,luziania,75,BR,1572638416.0,20.0,-16.25,-47.95,95.0,9.17
283,santa cruz,26,BR,1572638450.0,62.0,-6.22,-36.02,77.68,12.75
284,egvekinot,0,RU,1572638496.0,62.0,66.32,-179.17,8.38,2.21
285,saint-georges,100,CA,1572638496.0,65.0,46.12,-70.67,39.0,23.0
286,omsukchan,98,RU,1572638497.0,95.0,62.53,155.8,12.92,5.28
287,serik,40,TR,1572638497.0,72.0,36.92,31.1,62.6,12.75
288,coihaique,40,CL,1572638497.0,50.0,-45.58,-72.07,55.4,9.17
289,kaka,0,TM,1572638497.0,75.0,37.35,59.62,53.83,8.34
290,esna,5,RO,1572638497.0,60.0,45.2,27.57,32.0,4.7
291,fare,64,PF,1572638497.0,80.0,-16.7,-151.02,80.82,14.97
292,saint-joseph,90,FR,1572638497.0,82.0,43.56,6.97,62.6,3.36
294,adrar,0,DZ,1572638497.0,27.0,27.87,-0.29,75.2,10.29
295,janakkala,71,FI,1572638497.0,94.0,60.93,24.67,30.0,3.83
296,noumea,100,NC,1572638498.0,68.0,-22.28,166.46,73.0,3.36
297,szolnok,36,HU,1572638498.0,93.0,47.18,20.19,41.0,4.7
299,komsomolskiy,91,RU,1572638498.0,97.0,67.55,63.78,4.28,1.7
300,antofagasta,20,CL,1572638498.0,72.0,-23.65,-70.4,62.6,18.34
301,ballina,90,IE,1572638498.0,100.0,54.11,-9.15,53.01,8.05
302,pitiquito,0,MX,1572638498.0,17.0,30.68,-112.05,84.0,3.0
303,lithgow,64,AU,1572638498.0,100.0,-33.48,150.16,64.99,6.55
304,port-gentil,40,GA,1572638498.0,88.0,-0.72,8.78,80.6,5.82
305,kribi,100,CM,1572638499.0,94.0,2.94,9.91,75.69,6.04
306,juegang,100,CN,1572638499.0,87.0,32.31,121.18,62.01,7.99
307,esil,48,KZ,1572638499.0,84.0,51.96,66.41,27.75,6.78
308,ochamchira,100,GE,1572638499.0,86.0,42.71,41.47,55.42,19.01
309,leningradskiy,18,RU,1572638017.0,79.0,69.38,178.42,13.39,3.67
310,iquitos,75,PE,1572638499.0,66.0,-3.75,-73.25,86.0,5.82
311,ribeira brava,20,PT,1572638499.0,88.0,32.65,-17.07,71.6,5.82
312,katangli,73,RU,1572638499.0,77.0,51.71,143.23,33.93,12.95
313,dikson,78,RU,1572638499.0,93.0,73.51,80.55,2.46,6.78
314,port elizabeth,1,US,1572638467.0,37.0,39.31,-74.98,55.99,11.41
315,conakry,97,GN,1572638500.0,79.0,9.52,-13.7,81.52,3.74
316,sibay,0,RU,1572638500.0,78.0,52.72,58.67,21.69,10.02
317,isangel,75,VU,1572638500.0,73.0,-19.55,169.27,73.4,6.93
318,avera,1,US,1572638392.0,36.0,33.19,-82.53,64.4,6.93
319,ambilobe,90,MG,1572638500.0,73.0,-13.19,49.05,76.6,6.13
320,thompson,90,CA,1572638113.0,79.0,55.74,-97.86,24.8,8.05
321,avarua,94,CK,1572638027.0,78.0,-21.21,-159.78,75.2,2.24
322,valkeakoski,98,FI,1572638410.0,92.0,61.26,24.03,27.0,4.41
324,lexington,1,US,1572638455.0,52.0,38.05,-84.5,48.2,3.53
326,coahuayana,68,MX,1572638134.0,60.0,18.62,-100.35,84.61,2.37
327,lasa,40,CY,1572638501.0,64.0,34.92,32.53,73.4,13.87
328,rybinsk,100,RU,1572638501.0,95.0,58.05,38.83,29.44,5.21
329,luderitz,2,NA,1572638426.0,52.0,-26.65,15.16,69.8,1.12
330,kadoma,96,JP,1572638501.0,62.0,34.73,135.6,59.0,19.46
331,hambantota,96,LK,1572638501.0,82.0,6.12,81.12,79.23,6.82
332,hamilton,90,CA,1572638501.0,69.0,43.26,-79.87,41.0,17.22
333,zamosc,84,PL,1572638501.0,69.0,50.72,23.25,32.0,2.24
334,padang,100,ID,1572638501.0,96.0,-0.92,100.36,64.69,1.03
335,marawi,88,PH,1572638501.0,95.0,8.0,124.29,73.0,5.99
337,general roca,40,AR,1572638502.0,9.0,-39.03,-67.58,84.2,13.87
338,shirokiy,93,RU,1572638502.0,65.0,53.87,39.17,33.01,4.0
339,tibiri,7,NE,1572638502.0,11.0,13.57,7.05,84.58,7.85
340,caohai,100,CN,1572638502.0,97.0,26.87,104.28,50.59,2.24
341,jonkoping,100,SE,1572638502.0,93.0,57.78,14.16,37.99,8.05
342,huarmey,8,PE,1572638502.0,53.0,-10.07,-78.15,74.5,9.84
343,yerbogachen,100,RU,1572638502.0,83.0,61.28,108.01,15.91,10.31
344,sechura,64,PE,1572638502.0,87.0,-5.56,-80.82,64.81,17.78
346,houma,5,CN,1572638502.0,41.0,35.63,111.36,52.5,5.23
347,evensk,100,RU,1572638503.0,83.0,61.92,159.24,25.97,9.46
348,codajas,100,BR,1572638503.0,65.0,-3.84,-62.06,86.54,3.36
349,abha,0,SA,1572638503.0,82.0,18.22,42.5,64.4,4.7
350,barrow,100,AR,1572638083.0,83.0,-38.31,-60.23,66.9,5.23
352,marsh harbour,46,BS,1572638503.0,72.0,26.54,-77.06,80.73,8.23
353,aykhal,90,RU,1572638503.0,84.0,65.95,111.51,5.0,6.71
354,havoysund,90,NO,1572638508.0,100.0,71.0,24.66,30.2,28.86
355,tukums,100,LV,1572638508.0,100.0,56.97,23.17,39.2,5.82
356,la ronge,75,CA,1572638508.0,80.0,55.1,-105.3,35.6,9.17
358,margate,75,AU,1572638508.0,87.0,-43.03,147.26,59.0,4.7
359,longyearbyen,75,NO,1572638508.0,73.0,78.22,15.63,24.8,16.11
360,bilibino,53,RU,1572638509.0,96.0,68.06,166.44,3.83,2.39
361,holme,100,DK,1572638509.0,87.0,56.11,10.17,42.8,6.93
362,ostrovnoy,0,RU,1572638509.0,93.0,68.05,39.51,7.56,9.19
363,igrim,90,RU,1572638509.0,88.0,63.19,64.42,14.95,7.52
364,nikolsk,100,RU,1572638509.0,93.0,59.53,45.45,29.03,7.36
365,kyshtovka,100,RU,1572638509.0,75.0,56.56,76.62,23.65,22.62
366,muros,90,ES,1572638276.0,100.0,42.77,-9.06,68.0,9.17
367,ponta do sol,100,BR,1572638509.0,96.0,-20.63,-46.0,67.28,6.58
368,tuatapere,65,NZ,1572638216.0,88.0,-46.13,167.69,55.0,3.62
369,moerai,100,PF,1572638509.0,90.0,-22.43,-151.33,74.98,14.67
370,dukat,100,AL,1572638509.0,89.0,40.25,19.57,62.01,10.0
371,talnakh,60,RU,1572638385.0,77.0,69.49,88.39,1.4,15.66
372,ukiah,0,US,1572638510.0,15.0,39.15,-123.21,73.99,1.99
373,monrovia,75,LR,1572638510.0,88.0,6.33,-10.8,80.6,4.12
375,billings,40,US,1572638510.0,44.0,45.79,-108.5,43.0,13.87
376,inirida,62,CO,1572638510.0,69.0,3.87,-67.92,84.51,3.0
378,jumla,25,NP,1572638510.0,84.0,29.28,82.18,38.32,4.56
379,belyy yar,100,RU,1572638510.0,93.0,53.6,91.39,39.2,8.01
380,superior,75,US,1572638310.0,64.0,39.95,-105.17,42.01,5.1
381,kudahuvadhoo,0,MV,1572638213.0,74.0,2.67,72.89,81.9,7.29
382,staraya toropa,77,RU,1572638511.0,98.0,56.28,31.67,31.26,5.46
383,wilmington,1,US,1572638510.0,45.0,39.75,-75.55,54.0,17.22
384,cidreira,88,BR,1572638511.0,86.0,-30.17,-50.22,68.54,29.55
385,hanumangarh,8,IN,1572638511.0,36.0,29.58,74.33,73.85,5.97
386,gobardanga,5,IN,1572638511.0,94.0,22.87,88.76,73.4,4.25
387,kasongo-lunda,24,CD,1572638511.0,91.0,-6.48,16.82,68.76,2.33
388,carson city,1,US,1572638511.0,8.0,39.16,-119.77,57.99,9.17
389,alice springs,75,AU,1572638511.0,29.0,-23.7,133.88,75.2,13.87
390,kununurra,65,AU,1572638317.0,94.0,-15.77,128.74,78.8,5.82
391,kushima,92,JP,1572638511.0,93.0,31.5,131.29,53.01,4.0
392,portobelo,75,PA,1572638511.0,88.0,9.55,-79.65,80.01,11.41
393,maiduguri,79,NG,1572638512.0,17.0,11.84,13.15,81.93,7.38
394,omboue,99,GA,1572638512.0,92.0,-1.57,9.26,72.81,1.57
395,washington,1,US,1572638456.0,32.0,38.9,-77.04,55.0,10.29
396,mizdah,93,LY,1572638512.0,52.0,31.45,12.98,65.93,4.85
398,ponta delgada,40,PT,1572638512.0,88.0,37.73,-25.67,68.0,19.46
399,zhanakorgan,100,KZ,1572638512.0,29.0,43.91,67.25,43.16,7.02
400,mnogovershinnyy,100,RU,1572638512.0,98.0,53.94,139.92,31.62,17.94
401,karlstad,100,SE,1572638443.0,100.0,59.38,13.5,37.99,2.24
402,takoradi,0,GH,1572638513.0,80.0,4.89,-1.75,80.13,5.19
404,nishihara,20,JP,1572638514.0,54.0,35.74,139.53,62.01,11.41
405,faya,0,SA,1572638514.0,82.0,18.39,42.45,64.4,4.7
406,auki,65,NG,1572638514.0,23.0,12.18,6.51,78.66,7.14
407,kumluca,0,TR,1572638514.0,70.0,36.37,30.29,60.33,3.65
409,guerrero negro,63,MX,1572638514.0,15.0,27.97,-114.04,84.31,8.19
410,bubaque,0,GW,1572638514.0,71.0,11.28,-15.83,83.88,10.78
411,mendi,22,ET,1572638514.0,88.0,9.8,35.1,63.72,2.95
412,udachnyy,90,RU,1572638514.0,84.0,66.42,112.4,5.0,6.71
413,vytegra,99,RU,1572638514.0,95.0,61.01,36.45,25.77,5.59
414,lagoa,79,PT,1572638515.0,93.0,37.14,-8.45,69.01,11.41
415,raisinghnagar,33,IN,1572638515.0,37.0,29.54,73.45,74.62,4.45
416,maralal,90,KE,1572638515.0,73.0,1.1,36.7,65.46,14.27
418,mitsamiouli,20,KM,1572638515.0,78.0,-11.38,43.28,80.6,5.82
419,valvedditturai,68,LK,1572638515.0,72.0,9.82,80.17,82.58,6.31
420,ambovombe,0,MG,1572638515.0,76.0,-25.18,46.09,64.35,8.23
421,chisec,71,GT,1572638515.0,92.0,15.81,-90.29,78.51,2.91
422,chicama,20,PE,1572638515.0,77.0,-7.84,-79.15,68.0,11.41
423,rio bueno,20,JM,1572638516.0,74.0,18.47,-77.46,86.0,10.29
424,ladario,96,PT,1572638516.0,99.0,40.7,-7.74,62.01,11.99
425,ketchikan,90,US,1572638516.0,93.0,55.34,-131.65,51.8,6.93
426,havelock,1,US,1572638516.0,48.0,34.88,-76.9,63.0,11.41
427,paamiut,0,GL,1572638516.0,69.0,61.99,-49.67,34.63,4.83
428,petrolina,20,BR,1572638417.0,24.0,-9.38,-40.5,95.0,4.7
429,plouzane,90,FR,1572638516.0,93.0,48.38,-4.62,59.0,18.34
430,kokopo,99,PG,1572638516.0,82.0,-4.34,152.27,81.57,20.94
431,nhulunbuy,81,AU,1572638517.0,74.0,-12.18,136.78,78.8,5.82
432,luena,13,AO,1572638517.0,52.0,-11.78,19.91,69.28,2.44
433,kaitangata,1,NZ,1572638517.0,72.0,-46.28,169.85,53.01,4.0
434,touros,20,BR,1572638517.0,61.0,-5.2,-35.46,82.4,17.22
435,reci,0,RO,1572638517.0,80.0,45.84,25.93,34.0,1.7
436,yarensk,100,RU,1572638517.0,90.0,62.17,49.09,20.35,6.35
437,fort nelson,90,CA,1572638517.0,74.0,58.81,-122.69,30.2,3.36
438,brownwood,1,US,1572638517.0,17.0,31.71,-98.99,64.4,11.41
439,anloga,14,GH,1572638517.0,74.0,5.79,0.9,81.72,3.8
440,berlevag,100,NO,1572638623.0,79.0,70.86,29.09,24.8,20.8
441,ornskoldsvik,100,SE,1572638518.0,95.0,63.29,18.72,32.0,4.7
442,nanakuli,1,US,1572638518.0,83.0,21.39,-158.15,82.99,4.45
443,luanda,40,AO,1572638518.0,74.0,-8.83,13.24,80.6,11.41
444,pampa,1,US,1572638518.0,20.0,35.54,-100.96,57.2,24.16
445,ruteng,89,ID,1572638518.0,91.0,-8.61,120.46,67.68,2.71
446,san rafael,0,AR,1572638441.0,16.0,-34.61,-68.33,82.94,9.04
447,zabol,40,IR,1572638518.0,77.0,31.03,61.49,62.6,4.7
448,iquique,0,CL,1572638518.0,72.0,-20.22,-70.14,66.2,20.8
449,limulunga,67,ZM,1572638519.0,23.0,-15.13,23.15,77.16,4.29
450,ostrov,32,RU,1572638519.0,100.0,57.34,28.36,28.4,2.24
451,pandoh,0,IN,1572638519.0,46.0,31.67,77.06,56.55,4.74
452,souillac,90,FR,1572638624.0,93.0,45.6,-0.6,64.4,18.34
453,fukuma,26,JP,1572638519.0,100.0,33.77,130.47,59.0,2.24
454,namatanai,67,PG,1572638519.0,75.0,-3.66,152.44,83.25,10.74
455,acapulco,40,MX,1572638519.0,66.0,16.86,-99.88,86.0,6.93
456,carutapera,36,BR,1572638142.0,81.0,-1.2,-46.02,81.03,15.82
457,lixourion,40,GR,1572638519.0,93.0,38.2,20.43,60.8,1.12
458,ulaanbaatar,0,MN,1572638273.0,85.0,47.92,106.92,17.6,1.9
459,namibe,2,AO,1572638520.0,80.0,-15.19,12.15,72.1,13.18
460,zabaykalsk,0,CN,1572638520.0,60.0,49.64,117.33,24.67,9.66
461,yeniseysk,100,RU,1572638520.0,92.0,58.45,92.17,38.55,6.51
462,bilma,0,NE,1572638520.0,14.0,18.69,12.92,78.1,5.61
464,fujin,76,CN,1572638520.0,54.0,47.24,132.03,33.37,8.57
465,batagay-alyta,100,RU,1572638520.0,95.0,67.8,130.41,3.04,2.86
467,jutai,100,BR,1572638520.0,63.0,-1.71,-47.89,83.88,3.36
468,mocuba,63,MZ,1572638521.0,69.0,-16.84,36.99,74.95,5.88
471,seoul,1,KR,1572638321.0,100.0,37.57,126.98,46.4,1.12
472,bocaiuva,40,BR,1572638253.0,24.0,-17.12,-43.81,93.2,8.05
473,vestmannaeyjar,100,IS,1572638521.0,75.0,63.44,-20.27,42.48,17.02
476,codrington,75,AU,1572638522.0,93.0,-28.95,153.24,64.0,0.67
477,savannah bight,100,HN,1572638522.0,70.0,16.45,-85.85,83.61,7.94
480,nouakchott,0,MR,1572638522.0,34.0,18.08,-15.98,86.0,8.05
481,henties bay,71,NA,1572638522.0,58.0,-22.12,14.28,64.69,6.17
483,bluefields,40,NI,1572638523.0,79.0,12.01,-83.77,86.0,6.93
484,puerto escondido,20,MX,1572638523.0,70.0,15.86,-97.07,86.0,6.93
485,torrington,75,US,1572638519.0,44.0,42.06,-104.18,41.0,25.28
486,bani,0,YE,1572638523.0,62.0,16.02,42.93,86.04,5.48
488,manta,2,RO,1572638523.0,70.0,45.1,24.1,34.36,3.33
489,kirakira,100,SB,1572638523.0,79.0,-10.46,161.92,78.67,11.74
490,manyana,100,AU,1572638523.0,100.0,-35.26,150.51,66.0,14.23
491,garissa,15,KE,1572638523.0,68.0,-0.46,39.64,77.54,17.78
492,bintulu,75,MY,1572638524.0,94.0,3.17,113.03,75.2,5.82
493,half moon bay,5,US,1572638628.0,39.0,37.46,-122.43,73.99,3.36
494,basco,90,US,1572638524.0,52.0,40.33,-91.2,50.0,8.05
495,vanino,97,RU,1572638524.0,65.0,53.93,40.55,33.01,4.0
496,belmonte,96,PT,1572638524.0,94.0,40.36,-7.35,64.99,8.99
497,maloy,100,ID,1572638524.0,98.0,1.0,118.1,71.71,1.28
498,leua,3,AO,1572638524.0,57.0,-11.65,20.45,71.08,3.0
500,san andres,100,PH,1572638524.0,92.0,13.32,122.68,74.59,2.13
501,sampit,100,ID,1572638525.0,98.0,-2.54,112.95,72.54,1.52
502,slave lake,1,CA,1572638525.0,64.0,55.28,-114.77,37.4,10.29
503,calvinia,0,ZA,1572638525.0,21.0,-31.47,19.78,61.54,5.23
504,martapura,94,ID,1572638525.0,94.0,-3.41,114.85,73.13,0.96
505,itarema,25,BR,1572638525.0,74.0,-2.92,-39.92,78.19,10.65
506,whitianga,54,NZ,1572638525.0,71.0,-36.83,175.7,62.01,5.99
508,tecoanapa,40,MX,1572638525.0,66.0,16.99,-99.26,86.0,6.93
509,aubenas,100,FR,1572638525.0,87.0,44.62,4.39,59.0,6.93
510,nelson,0,CA,1572638525.0,59.0,49.49,-117.29,35.01,1.41
511,boyuibe,0,BO,1572638526.0,25.0,-20.43,-63.28,96.8,13.87
513,matara,52,BI,1572638526.0,84.0,-3.48,29.48,57.56,4.56
514,gobabis,100,NA,1572638526.0,40.0,-22.45,18.97,73.51,4.76
515,toamasina,75,MG,1572638526.0,69.0,-18.17,49.38,75.2,17.22
516,rebrikha,25,RU,1572638526.0,55.0,53.08,82.34,35.8,10.0
517,quzhou,0,CN,1572638404.0,82.0,28.97,118.86,53.74,5.82
518,locri,20,IT,1572638526.0,63.0,38.24,16.26,69.01,8.05
519,garowe,0,SO,1572638526.0,69.0,8.41,48.48,79.97,8.61
520,katobu,61,ID,1572638527.0,91.0,-4.94,122.53,72.19,1.68
521,noyabrsk,96,RU,1572638527.0,95.0,63.2,75.45,14.05,10.69
523,batagay,94,RU,1572638527.0,94.0,67.65,134.64,0.55,2.42
524,moundou,99,TD,1572638527.0,62.0,8.57,16.07,75.76,2.13
525,salalah,31,OM,1572638266.0,83.0,17.01,54.1,84.2,6.93
526,vardo,1,US,1572638430.0,57.0,39.62,-77.74,51.01,11.41
527,santiago del estero,25,AR,1572638527.0,26.0,-27.8,-64.26,100.08,14.61
528,haines junction,88,CA,1572638527.0,100.0,60.75,-137.51,33.04,7.2
529,estacion coahuila,1,MX,1572638527.0,5.0,32.19,-115.0,75.99,14.99
530,tilichiki,99,RU,1572638527.0,93.0,60.47,166.1,25.38,7.85
531,novobelokatay,66,RU,1572638528.0,94.0,55.7,58.96,13.21,7.96
532,tahlequah,1,US,1572638528.0,35.0,35.92,-94.97,57.2,5.82
533,finnsnes,75,NO,1572638528.0,92.0,69.23,17.98,28.4,8.05
534,bhadrachalam,3,IN,1572638528.0,94.0,17.67,80.89,72.81,3.6
535,muroto,22,JP,1572638528.0,78.0,33.37,134.14,53.46,5.08
536,mackay,90,CA,1572638528.0,52.0,53.65,-115.58,33.8,4.7
537,parkes,100,AU,1572638528.0,44.0,-33.14,148.18,73.0,1.99
538,mamallapuram,20,IN,1572638528.0,88.0,12.63,80.17,82.0,2.24
539,tacoronte,58,ES,1572638528.0,64.0,28.48,-16.41,75.99,2.24
540,porto walter,100,BR,1572638528.0,89.0,-8.27,-72.74,77.56,3.09
541,ettaiyapuram,40,IN,1572638529.0,88.0,9.15,78.0,77.41,1.63
542,lyubech,93,UA,1572638529.0,84.0,51.7,30.66,35.33,6.35
543,merauke,100,ID,1572638529.0,86.0,-8.49,140.4,75.52,6.31
544,perleberg,100,DE,1572638529.0,92.0,53.08,11.86,43.0,5.01
545,saint-pierre,90,FR,1572638529.0,100.0,48.95,4.24,57.99,18.34
546,aras,40,ES,1572638529.0,100.0,42.56,-2.36,64.4,5.82
547,buraydah,0,SA,1572638529.0,56.0,26.33,43.97,73.4,12.75
548,chipping sodbury,90,GB,1572638529.0,93.0,51.54,-2.39,59.0,12.75
549,polunochnoye,0,RU,1572638529.0,80.0,60.87,60.43,15.39,6.22
550,mbigou,100,GA,1572638529.0,97.0,-1.9,11.91,67.82,0.76
551,ganzhou,12,CN,1572638530.0,65.0,25.86,114.93,60.89,2.53
552,puerto leguizamo,89,CO,1572638530.0,95.0,-0.19,-74.78,74.68,6.46
553,sao felix do xingu,90,BR,1572638530.0,57.0,-6.64,-51.99,85.1,1.34
554,lorengau,100,PG,1572638530.0,74.0,-2.02,147.27,83.79,9.82
555,eyl,2,SO,1572638530.0,86.0,7.98,49.82,81.7,8.77
556,galle,100,GN,1572638530.0,91.0,10.08,-12.83,71.91,1.39
557,mount isa,1,AU,1572638530.0,64.0,-20.73,139.49,69.8,15.61
558,porto torres,20,IT,1572638530.0,93.0,40.84,8.4,60.8,2.24
559,fagernes,100,NO,1572638530.0,85.0,60.99,9.24,26.01,0.78
560,jati,0,PK,1572638531.0,58.0,24.35,68.27,82.89,8.84
561,boyolangu,100,ID,1572638531.0,94.0,-8.09,111.9,71.96,4.72
562,ostrogozhsk,0,RU,1572638531.0,62.0,50.86,39.08,24.73,8.59
563,aguimes,20,ES,1572638531.0,73.0,27.91,-15.45,73.4,19.46
564,hohhot,75,CN,1572638437.0,100.0,40.81,111.65,42.8,4.47
565,olinda,75,AU,1572638531.0,93.0,-37.84,145.39,62.01,13.87
566,yangliuqing,100,CN,1572638531.0,66.0,39.14,117.0,54.0,6.71
567,ilo,0,PE,1572638531.0,64.0,-17.65,-71.34,71.6,11.41
568,balotra,14,IN,1572638531.0,46.0,25.83,72.24,83.43,7.63
569,morehead,1,US,1572638301.0,42.0,38.18,-83.43,45.0,3.36
570,north shore,90,AU,1572638532.0,100.0,-38.1,144.37,61.0,8.05
571,komaki,20,JP,1572638532.0,58.0,35.31,136.93,57.2,17.22
572,emerald,40,AU,1572638470.0,82.0,-23.53,148.16,68.0,9.17
573,cookeville,1,US,1572638532.0,46.0,36.16,-85.5,52.0,5.82
574,luau,32,CD,1572638532.0,60.0,-10.7,22.23,69.78,3.11
575,ila,0,NO,1572638532.0,86.0,63.43,10.37,42.01,11.41
576,maragua,20,KE,1572638532.0,88.0,-0.8,37.13,62.6,4.7
577,maun,100,BW,1572638532.0,44.0,-19.99,23.42,77.0,5.82
578,pierre,90,US,1572638481.0,45.0,44.37,-100.35,46.4,23.04
579,nyagan,100,RU,1572638533.0,87.0,62.14,65.43,16.5,9.91
580,dingle,100,PH,1572638533.0,91.0,11.0,122.67,74.82,4.36
581,rundu,100,NA,1572638533.0,56.0,-17.91,19.77,73.4,3.36
583,gao,71,ML,1572638533.0,16.0,16.28,-0.04,89.51,7.23
584,lozovik,0,RS,1572638533.0,74.0,44.47,21.1,43.0,1.99
586,phek,5,IN,1572638533.0,98.0,25.7,94.46,53.83,1.28
587,quatre cocos,40,MU,1572638533.0,83.0,-20.21,57.76,71.6,3.36
588,tieli,87,CN,1572638534.0,47.0,46.98,128.05,28.56,4.03
589,atasu,76,KZ,1572638534.0,53.0,48.68,71.64,31.37,4.23
590,ishigaki,100,JP,1572638534.0,79.0,24.34,124.16,76.44,15.41
591,srednekolymsk,100,RU,1572638534.0,94.0,67.46,153.71,9.52,4.61
592,larap,98,PH,1572638534.0,80.0,14.3,122.65,83.05,12.95
593,sao domingos,22,BR,1572638534.0,35.0,-13.4,-46.32,88.02,7.0
594,ascope,20,PE,1572638534.0,77.0,-7.71,-79.11,68.0,11.41
595,moussoro,27,TD,1572638534.0,10.0,13.64,16.49,87.71,9.64
596,mettur,0,IN,1572638534.0,90.0,11.8,77.8,70.77,0.94
597,arman,100,RU,1572638535.0,69.0,59.7,150.17,35.94,25.52
598,lazaro cardenas,40,MX,1572638535.0,40.0,28.39,-105.62,80.01,3.47
599,gornyy,0,RU,1572638535.0,58.0,51.76,48.54,24.08,8.23
600,taoudenni,0,ML,1572638535.0,20.0,22.68,-3.98,77.2,11.59
601,liwale,0,TZ,1572638535.0,73.0,-9.8,37.92,73.65,3.62
602,kaili,77,ID,1572638535.0,95.0,-3.46,120.21,59.86,1.36
603,batemans bay,100,AU,1572638202.0,96.0,-35.71,150.18,69.01,6.76
604,davila,86,PH,1572638535.0,81.0,18.47,120.58,81.23,27.69
605,los llanos de aridane,20,ES,1572638535.0,78.0,28.66,-17.92,77.0,12.75
606,jacqueville,20,CI,1572638535.0,78.0,5.21,-4.42,82.4,5.82
607,caarapo,18,BR,1572638536.0,38.0,-22.63,-54.82,89.53,8.32
608,okha,55,RU,1572638536.0,89.0,53.59,142.95,38.05,17.34
609,bowling green,1,US,1572638358.0,43.0,36.99,-86.44,50.0,3.02
610,zhuanghe,100,CN,1572638536.0,35.0,39.7,122.97,54.32,2.35
611,sao joao da barra,75,BR,1572638472.0,69.0,-21.64,-41.05,80.6,18.34
613,biak,75,ID,1572638536.0,70.0,-0.91,122.88,81.66,3.83
614,sao gabriel da cachoeira,40,BR,1572638536.0,66.0,-0.13,-67.09,89.6,4.7
615,batticaloa,100,LK,1572638423.0,89.0,7.71,81.69,75.13,2.59
616,adeje,100,NG,1572638536.0,90.0,5.68,5.76,77.07,2.59
617,tagusao,100,PH,1572638537.0,89.0,9.19,117.81,73.58,2.91
618,the valley,75,AI,1572638485.0,83.0,18.22,-63.06,84.99,12.75
